controller_id,is_benchmark,SSE_total,SSdU_total,J_total,SSE_c1,SSdU_c1,J_c1,settle_case_h_c1,IAE_case_c1,settle_x1_h_c1,IAE_x1_c1,settle_x2_h_c1,IAE_x2_c1,settle_x3_h_c1,IAE_x3_c1,SSE_c2,SSdU_c2,J_c2,settle_case_h_c2,IAE_case_c2,settle_x1_h_c2,IAE_x1_c2,settle_x2_h_c2,IAE_x2_c2,settle_x3_h_c2,IAE_x3_c2
ts_20260210_151703,0,27063.6911573505,0.507400353145183,32137.6946888024,3320.6997097126,0.278875719841594,6109.45690812854,21.2,19.6909759807482,0,0.237462154459625,21.2,17.9971397578128,NaN,1.45637406847574,23742.9914476379,0.22852463330359,26028.2377806738,21.2,47.9877797824386,3.43333333333333,0.563086096288354,21.2,45.1986600879572,NaN,2.22603359819304
ts_20260210_171107,0,28187.2303830607,0.409919173180801,32286.4221148687,3629.605702586,0.234196497051328,5971.57067309928,21.7,22.4877208325817,0,0.341204156053102,21.7,21.9321029367039,NaN,0.214413739824737,24557.6246804747,0.175722676129473,26314.8514417695,22.3833333333333,52.4651111825392,3.46666666666667,0.632846812018204,22.3833333333333,50.8648954961753,NaN,0.967368874345637
ts_20260210_180826,0,27555.6981457154,0.72991859704286,34854.884116144,3462.54263401319,0.374085675702537,7203.39939103855,21.3333333333333,19.9380389536322,0.766666666666667,0.385139251895079,21.3333333333333,19.0700895398359,NaN,0.482810161901303,24093.1555117022,0.355832921340324,27651.4847251055,21.6,49.0598531865476,3.68333333333333,0.701151697440818,21.6,47.1059031352309,NaN,1.2527983538759
ts_20260211_122653,0,27499.4209893754,1.87612147605721,46260.6357499476,3562.25248787385,1.1025176521358,14587.4290092319,21.3333333333333,20.6318469779184,0,0.0827515116956751,21.3333333333333,19.6349451007152,NaN,0.914150365507619,23937.1685015016,0.773603823921411,31673.2067407157,21.5,48.5324213283761,3.41666666666667,0.475793816529414,21.5,46.3937564462127,NaN,1.66287106563398
ts_20260211_134235,0,29561.6230531106,1.69954944883623,46557.1175414728,4565.77169799523,0.924560773848963,13811.3794364849,22.4,25.9826136235679,16.2,0.224761094575367,22.4,21.1000745042289,NaN,4.65777802476361,24995.8513551153,0.774988674987265,32745.738104988,22.35,54.183869218381,16.2,0.586582115206114,22.35,48.1663990152705,NaN,5.43088808790439
